{
  "best_epoch": 4,
  "peak_worker_0_memory_MB": 1556.2734375,
  "training_duration": "0:00:02.076603",
  "training_start_epoch": 0,
  "training_epochs": 4,
  "epoch": 4,
  "training_loss": 4.771900653839111,
  "training_worker_0_memory_MB": 1556.2734375,
  "validation_BLEU": 3.585517320568471e-12,
  "validation_loss": 4.793149471282959,
  "best_validation_BLEU": 3.585517320568471e-12,
  "best_validation_loss": 4.793149471282959
}