{
  "best_epoch": 3,
  "peak_worker_0_memory_MB": 1556.2734375,
  "training_duration": "0:00:01.919417",
  "training_start_epoch": 0,
  "training_epochs": 3,
  "epoch": 3,
  "training_loss": 4.780673503875732,
  "training_worker_0_memory_MB": 1556.2734375,
  "validation_BLEU": 3.585517320568471e-12,
  "validation_loss": 4.794464588165283,
  "best_validation_BLEU": 3.585517320568471e-12,
  "best_validation_loss": 4.794464588165283
}