{
  "best_epoch": 1,
  "peak_worker_0_memory_MB": 1556.2734375,
  "training_duration": "0:00:01.608345",
  "training_start_epoch": 0,
  "training_epochs": 1,
  "epoch": 1,
  "training_loss": 4.797626495361328,
  "training_worker_0_memory_MB": 1556.2734375,
  "validation_BLEU": 3.585517320568471e-12,
  "validation_loss": 4.797035217285156,
  "best_validation_BLEU": 3.585517320568471e-12,
  "best_validation_loss": 4.797035217285156
}